{
  "credentials": [
    {
      "service": "Broker",
      "client_id": "a44t37nfrijde3f9f8la",
      "client_secret": "rQM~S`#dARBh72"
    },
    {
      "service": "Reestr",
      "client_id": "arek49eikmn22u0es6k3",
      "client_secret": "s/p4N;>?f-8j.2PtMLZR:e"
    },
    {
      "service": "Backet",
      "keys": [
        {
          "access_key": "YCAJEUWHE6c3JQKDk5dqc6Cq7",
          "secret_key": "YCM_GwZjcHbWD8Hh_MYARr2Pwz1Gy1A3joUQWIFC"
        },
        {
          "access_key": "YCAJELtunlGASDZdFYKnRJnA2",
          "secret_key": "YCNUeXhGmC_eOGJmz_nYgMy6glDjcLwCWwpR3vgp"
        }
      ]
    }
  ]
}